{"Time (s)":{"0":0,"1":1,"2":2,"3":3,"4":4,"5":5,"6":6,"7":7,"8":8,"9":9}," Decays (#)":{"0":10.0,"1":1.353352832,"2":0.183156389,"3":0.024787522,"4":0.003354626,"5":0.000453999,"6":0.000061442,"7":0.000008315,"8":0.000001126,"9":0.000000152}}